Treatment,P_score,rank
Pramipexole,0.9866851664993097,1
Cabergoline,0.6807115095024754,2
Bromocriptine,0.37500260614280684,3
Ropinirole,0.36825672301796697,4
Placebo,0.08934399483744097,5
